--
-- Script was generated by Devart dbForge Studio 2019 for MySQL, Version 8.2.23.0
-- Product home page: http://www.devart.com/dbforge/mysql/studio
-- Script date 2026.04.13. 10:31:00
-- Server version: 5.7.44
-- Client version: 4.1
--

-- 
-- Disable foreign keys
-- 
/*!40014 SET @OLD_FOREIGN_KEY_CHECKS=@@FOREIGN_KEY_CHECKS, FOREIGN_KEY_CHECKS=0 */;

-- 
-- Set SQL mode
-- 
/*!40101 SET @OLD_SQL_MODE=@@SQL_MODE, SQL_MODE='NO_AUTO_VALUE_ON_ZERO' */;

-- 
-- Set character set the client will use to send SQL statements to the server
--
SET NAMES 'utf8';

DROP DATABASE IF EXISTS barbershop;

CREATE DATABASE IF NOT EXISTS barbershop
	CHARACTER SET latin1
	COLLATE latin1_swedish_ci;

--
-- Set default database
--
USE barbershop;

--
-- Create table `users`
--
CREATE TABLE IF NOT EXISTS users (
  id BIGINT(20) UNSIGNED NOT NULL AUTO_INCREMENT,
  name VARCHAR(191) NOT NULL,
  email VARCHAR(191) NOT NULL,
  role INT(11) NOT NULL DEFAULT 3,
  phoneNumber VARCHAR(20) DEFAULT NULL,
  email_verified_at TIMESTAMP NULL DEFAULT NULL,
  password VARCHAR(191) NOT NULL,
  remember_token VARCHAR(100) DEFAULT NULL,
  created_at TIMESTAMP NULL DEFAULT NULL,
  updated_at TIMESTAMP NULL DEFAULT NULL,
  PRIMARY KEY (id)
)
ENGINE = INNODB,
AUTO_INCREMENT = 17,
AVG_ROW_LENGTH = 1024,
CHARACTER SET utf8mb4,
COLLATE utf8mb4_unicode_ci;

--
-- Create index `users_email_phonenumber_unique` on table `users`
--
ALTER TABLE users 
  ADD UNIQUE INDEX users_email_phonenumber_unique(email, phoneNumber);

--
-- Create table `barbers`
--
CREATE TABLE IF NOT EXISTS barbers (
  id BIGINT(20) UNSIGNED NOT NULL AUTO_INCREMENT,
  userId BIGINT(20) UNSIGNED NOT NULL,
  profilePicture VARCHAR(125) NOT NULL,
  introduction TEXT NOT NULL,
  isActive TINYINT(1) NOT NULL DEFAULT 1,
  PRIMARY KEY (id)
)
ENGINE = INNODB,
AUTO_INCREMENT = 9,
AVG_ROW_LENGTH = 2048,
CHARACTER SET utf8mb4,
COLLATE utf8mb4_unicode_ci;

--
-- Create index `barbers_userid_profilepicture_unique` on table `barbers`
--
ALTER TABLE barbers 
  ADD UNIQUE INDEX barbers_userid_profilepicture_unique(userId, profilePicture);

--
-- Create foreign key
--
ALTER TABLE barbers 
  ADD CONSTRAINT barbers_userid_foreign FOREIGN KEY (userId)
    REFERENCES users(id) ON DELETE CASCADE;

--
-- Create table `reference_pictures`
--
CREATE TABLE IF NOT EXISTS reference_pictures (
  id BIGINT(20) UNSIGNED NOT NULL AUTO_INCREMENT,
  picture VARCHAR(125) NOT NULL,
  barberId BIGINT(20) UNSIGNED NOT NULL,
  created_at TIMESTAMP NULL DEFAULT NULL,
  updated_at TIMESTAMP NULL DEFAULT NULL,
  PRIMARY KEY (id)
)
ENGINE = INNODB,
AUTO_INCREMENT = 68,
AVG_ROW_LENGTH = 244,
CHARACTER SET utf8mb4,
COLLATE utf8mb4_unicode_ci;

--
-- Create index `reference_pictures_picture_unique` on table `reference_pictures`
--
ALTER TABLE reference_pictures 
  ADD UNIQUE INDEX reference_pictures_picture_unique(picture);

--
-- Create foreign key
--
ALTER TABLE reference_pictures 
  ADD CONSTRAINT reference_pictures_barberid_foreign FOREIGN KEY (barberId)
    REFERENCES barbers(id) ON DELETE CASCADE;

--
-- Create table `barber_off_days`
--
CREATE TABLE IF NOT EXISTS barber_off_days (
  id BIGINT(20) UNSIGNED NOT NULL AUTO_INCREMENT,
  barberId BIGINT(20) UNSIGNED NOT NULL,
  offDay DATE NOT NULL,
  PRIMARY KEY (id)
)
ENGINE = INNODB,
AUTO_INCREMENT = 49,
AVG_ROW_LENGTH = 341,
CHARACTER SET utf8mb4,
COLLATE utf8mb4_unicode_ci;

--
-- Create index `barber_off_days_barberid_offday_unique` on table `barber_off_days`
--
ALTER TABLE barber_off_days 
  ADD UNIQUE INDEX barber_off_days_barberid_offday_unique(barberId, offDay);

--
-- Create foreign key
--
ALTER TABLE barber_off_days 
  ADD CONSTRAINT barber_off_days_barberid_foreign FOREIGN KEY (barberId)
    REFERENCES barbers(id) ON DELETE CASCADE;

--
-- Create table `appointments`
--
CREATE TABLE IF NOT EXISTS appointments (
  id BIGINT(20) UNSIGNED NOT NULL AUTO_INCREMENT,
  barberId BIGINT(20) UNSIGNED NOT NULL,
  userId BIGINT(20) UNSIGNED NOT NULL,
  appointmentDate DATE NOT NULL,
  appointmentTime TIME NOT NULL,
  totalPrice INT(10) UNSIGNED NOT NULL DEFAULT 0,
  status ENUM('booked','cancelled','completed') NOT NULL DEFAULT 'booked',
  cancelledBy ENUM('none','barber','customer') NOT NULL DEFAULT 'none',
  PRIMARY KEY (id)
)
ENGINE = INNODB,
AUTO_INCREMENT = 301,
AVG_ROW_LENGTH = 163,
CHARACTER SET utf8mb4,
COLLATE utf8mb4_unicode_ci;

--
-- Create index `idx_barber_date` on table `appointments`
--
ALTER TABLE appointments 
  ADD INDEX idx_barber_date(barberId, appointmentDate);

--
-- Create index `idx_user_date` on table `appointments`
--
ALTER TABLE appointments 
  ADD INDEX idx_user_date(userId, appointmentDate);

--
-- Create index `uniq_barber_slot` on table `appointments`
--
ALTER TABLE appointments 
  ADD UNIQUE INDEX uniq_barber_slot(barberId, appointmentDate, appointmentTime);

--
-- Create foreign key
--
ALTER TABLE appointments 
  ADD CONSTRAINT appointments_barberid_foreign FOREIGN KEY (barberId)
    REFERENCES barbers(id) ON DELETE CASCADE;

--
-- Create foreign key
--
ALTER TABLE appointments 
  ADD CONSTRAINT appointments_userid_foreign FOREIGN KEY (userId)
    REFERENCES users(id) ON DELETE CASCADE;

--
-- Create table `reviews`
--
CREATE TABLE IF NOT EXISTS reviews (
  id BIGINT(20) UNSIGNED NOT NULL AUTO_INCREMENT,
  appointmentId BIGINT(20) UNSIGNED NOT NULL,
  barberId BIGINT(20) UNSIGNED NOT NULL,
  userId BIGINT(20) UNSIGNED NOT NULL,
  rating INT(11) NOT NULL,
  comment TEXT NOT NULL,
  PRIMARY KEY (id)
)
ENGINE = INNODB,
AUTO_INCREMENT = 74,
AVG_ROW_LENGTH = 224,
CHARACTER SET utf8mb4,
COLLATE utf8mb4_unicode_ci;

--
-- Create index `reviews_appointmentid_barberid_userid_unique` on table `reviews`
--
ALTER TABLE reviews 
  ADD UNIQUE INDEX reviews_appointmentid_barberid_userid_unique(appointmentId, barberId, userId);

--
-- Create foreign key
--
ALTER TABLE reviews 
  ADD CONSTRAINT reviews_appointmentid_foreign FOREIGN KEY (appointmentId)
    REFERENCES appointments(id) ON DELETE CASCADE;

--
-- Create foreign key
--
ALTER TABLE reviews 
  ADD CONSTRAINT reviews_barberid_foreign FOREIGN KEY (barberId)
    REFERENCES barbers(id) ON DELETE CASCADE;

--
-- Create foreign key
--
ALTER TABLE reviews 
  ADD CONSTRAINT reviews_userid_foreign FOREIGN KEY (userId)
    REFERENCES users(id) ON DELETE CASCADE;

--
-- Create table `services`
--
CREATE TABLE IF NOT EXISTS services (
  id BIGINT(20) UNSIGNED NOT NULL AUTO_INCREMENT,
  service VARCHAR(50) NOT NULL,
  price INT(11) NOT NULL,
  PRIMARY KEY (id)
)
ENGINE = INNODB,
AUTO_INCREMENT = 11,
AVG_ROW_LENGTH = 1638,
CHARACTER SET utf8mb4,
COLLATE utf8mb4_unicode_ci;

--
-- Create index `services_service_unique` on table `services`
--
ALTER TABLE services 
  ADD UNIQUE INDEX services_service_unique(service);

--
-- Create table `appointment_services`
--
CREATE TABLE IF NOT EXISTS appointment_services (
  id BIGINT(20) UNSIGNED NOT NULL AUTO_INCREMENT,
  appointmentId BIGINT(20) UNSIGNED NOT NULL,
  serviceId BIGINT(20) UNSIGNED NOT NULL,
  PRIMARY KEY (id)
)
ENGINE = INNODB,
AUTO_INCREMENT = 613,
AVG_ROW_LENGTH = 107,
CHARACTER SET utf8mb4,
COLLATE utf8mb4_unicode_ci;

--
-- Create index `appointment_services_appointmentid_serviceid_unique` on table `appointment_services`
--
ALTER TABLE appointment_services 
  ADD UNIQUE INDEX appointment_services_appointmentid_serviceid_unique(appointmentId, serviceId);

--
-- Create foreign key
--
ALTER TABLE appointment_services 
  ADD CONSTRAINT appointment_services_appointmentid_foreign FOREIGN KEY (appointmentId)
    REFERENCES appointments(id) ON DELETE CASCADE;

--
-- Create foreign key
--
ALTER TABLE appointment_services 
  ADD CONSTRAINT appointment_services_serviceid_foreign FOREIGN KEY (serviceId)
    REFERENCES services(id) ON DELETE CASCADE;

--
-- Create table `sessions`
--
CREATE TABLE IF NOT EXISTS sessions (
  id VARCHAR(191) NOT NULL,
  user_id BIGINT(20) UNSIGNED DEFAULT NULL,
  ip_address VARCHAR(45) DEFAULT NULL,
  user_agent TEXT DEFAULT NULL,
  payload LONGTEXT NOT NULL,
  last_activity INT(11) NOT NULL,
  PRIMARY KEY (id)
)
ENGINE = INNODB,
CHARACTER SET utf8mb4,
COLLATE utf8mb4_unicode_ci;

--
-- Create index `sessions_last_activity_index` on table `sessions`
--
ALTER TABLE sessions 
  ADD INDEX sessions_last_activity_index(last_activity);

--
-- Create index `sessions_user_id_index` on table `sessions`
--
ALTER TABLE sessions 
  ADD INDEX sessions_user_id_index(user_id);

--
-- Create table `personal_access_tokens`
--
CREATE TABLE IF NOT EXISTS personal_access_tokens (
  id BIGINT(20) UNSIGNED NOT NULL AUTO_INCREMENT,
  tokenable_type VARCHAR(191) NOT NULL,
  tokenable_id BIGINT(20) UNSIGNED NOT NULL,
  name TEXT NOT NULL,
  token VARCHAR(64) NOT NULL,
  abilities TEXT DEFAULT NULL,
  last_used_at TIMESTAMP NULL DEFAULT NULL,
  expires_at TIMESTAMP NULL DEFAULT NULL,
  created_at TIMESTAMP NULL DEFAULT NULL,
  updated_at TIMESTAMP NULL DEFAULT NULL,
  PRIMARY KEY (id)
)
ENGINE = INNODB,
CHARACTER SET utf8mb4,
COLLATE utf8mb4_unicode_ci;

--
-- Create index `personal_access_tokens_expires_at_index` on table `personal_access_tokens`
--
ALTER TABLE personal_access_tokens 
  ADD INDEX personal_access_tokens_expires_at_index(expires_at);

--
-- Create index `personal_access_tokens_token_unique` on table `personal_access_tokens`
--
ALTER TABLE personal_access_tokens 
  ADD UNIQUE INDEX personal_access_tokens_token_unique(token);

--
-- Create index `personal_access_tokens_tokenable_type_tokenable_id_index` on table `personal_access_tokens`
--
ALTER TABLE personal_access_tokens 
  ADD INDEX personal_access_tokens_tokenable_type_tokenable_id_index(tokenable_type, tokenable_id);

--
-- Create table `password_reset_tokens`
--
CREATE TABLE IF NOT EXISTS password_reset_tokens (
  email VARCHAR(191) NOT NULL,
  token VARCHAR(191) NOT NULL,
  created_at TIMESTAMP NULL DEFAULT NULL,
  PRIMARY KEY (email)
)
ENGINE = INNODB,
CHARACTER SET utf8mb4,
COLLATE utf8mb4_unicode_ci;

--
-- Create table `migrations`
--
CREATE TABLE IF NOT EXISTS migrations (
  id INT(10) UNSIGNED NOT NULL AUTO_INCREMENT,
  migration VARCHAR(191) NOT NULL,
  batch INT(11) NOT NULL,
  PRIMARY KEY (id)
)
ENGINE = INNODB,
AUTO_INCREMENT = 13,
AVG_ROW_LENGTH = 1365,
CHARACTER SET utf8mb4,
COLLATE utf8mb4_unicode_ci;

--
-- Create table `job_batches`
--
CREATE TABLE IF NOT EXISTS job_batches (
  id VARCHAR(191) NOT NULL,
  name VARCHAR(191) NOT NULL,
  total_jobs INT(11) NOT NULL,
  pending_jobs INT(11) NOT NULL,
  failed_jobs INT(11) NOT NULL,
  failed_job_ids LONGTEXT NOT NULL,
  options MEDIUMTEXT DEFAULT NULL,
  cancelled_at INT(11) DEFAULT NULL,
  created_at INT(11) NOT NULL,
  finished_at INT(11) DEFAULT NULL,
  PRIMARY KEY (id)
)
ENGINE = INNODB,
CHARACTER SET utf8mb4,
COLLATE utf8mb4_unicode_ci;

--
-- Create table `jobs`
--
CREATE TABLE IF NOT EXISTS jobs (
  id BIGINT(20) UNSIGNED NOT NULL AUTO_INCREMENT,
  queue VARCHAR(191) NOT NULL,
  payload LONGTEXT NOT NULL,
  attempts TINYINT(3) UNSIGNED NOT NULL,
  reserved_at INT(10) UNSIGNED DEFAULT NULL,
  available_at INT(10) UNSIGNED NOT NULL,
  created_at INT(10) UNSIGNED NOT NULL,
  PRIMARY KEY (id)
)
ENGINE = INNODB,
CHARACTER SET utf8mb4,
COLLATE utf8mb4_unicode_ci;

--
-- Create index `jobs_queue_index` on table `jobs`
--
ALTER TABLE jobs 
  ADD INDEX jobs_queue_index(queue);

--
-- Create table `failed_jobs`
--
CREATE TABLE IF NOT EXISTS failed_jobs (
  id BIGINT(20) UNSIGNED NOT NULL AUTO_INCREMENT,
  uuid VARCHAR(191) NOT NULL,
  `connection` TEXT NOT NULL,
  queue TEXT NOT NULL,
  payload LONGTEXT NOT NULL,
  exception LONGTEXT NOT NULL,
  failed_at TIMESTAMP NOT NULL DEFAULT CURRENT_TIMESTAMP,
  PRIMARY KEY (id)
)
ENGINE = INNODB,
CHARACTER SET utf8mb4,
COLLATE utf8mb4_unicode_ci;

--
-- Create index `failed_jobs_uuid_unique` on table `failed_jobs`
--
ALTER TABLE failed_jobs 
  ADD UNIQUE INDEX failed_jobs_uuid_unique(uuid);

--
-- Create table `cache_locks`
--
CREATE TABLE IF NOT EXISTS cache_locks (
  `key` VARCHAR(191) NOT NULL,
  owner VARCHAR(191) NOT NULL,
  expiration INT(11) NOT NULL,
  PRIMARY KEY (`key`)
)
ENGINE = INNODB,
CHARACTER SET utf8mb4,
COLLATE utf8mb4_unicode_ci;

--
-- Create table `cache`
--
CREATE TABLE IF NOT EXISTS cache (
  `key` VARCHAR(191) NOT NULL,
  value MEDIUMTEXT NOT NULL,
  expiration INT(11) NOT NULL,
  PRIMARY KEY (`key`)
)
ENGINE = INNODB,
CHARACTER SET utf8mb4,
COLLATE utf8mb4_unicode_ci;

-- 
-- Dumping data for table users
--
INSERT INTO users VALUES
(1, 'Admin', 'admin@example.com', 1, NULL, '2026-04-13 07:18:57', '$2y$12$sCaVeEOcE988eDSIqIaa5uqVXrP4bff3/gxatSJ5ZEvmiaQxWJdXK', 'dpHg7Fh283', '2026-04-13 07:18:57', '2026-04-13 07:18:57'),
(2, 'Barber', 'barber@example.com', 2, '+12034613629', '2026-04-13 07:18:57', '$2y$12$SFxGruO0p1zfxSHu/Q/Z5.0cCignqfPRhYpg9rNZw00KtLJoUY7zC', 'priPr3a8TD', '2026-04-13 07:18:57', '2026-04-13 07:18:57'),
(3, 'Customer', 'kristofm500@gmail.com', 3, '571.448.0596', '2026-04-13 07:18:57', '$2y$12$oSWVz6ElRI5Btvwcc3csVOqs7pZpNX1A2ZTaI1xCd45Jhnjs.B24K', 'MRHt8f6cY5', '2026-04-13 07:18:57', '2026-04-13 07:18:57'),
(4, 'ريناد الفدا', 'arabpacek@example.com', 2, '223-789-1073', '2026-04-13 07:18:57', '$2y$12$EqgfspCKPlhdChI6xKnvvOKggvXWqgdcHTYnhmZXHc7T1TVLthnlq', 'DIc0KwJePy', '2026-04-13 07:18:57', '2026-04-13 07:18:57'),
(5, 'Scrappy Coco', 's.coco@example.com', 2, '351.536.8697', '2026-04-13 07:18:58', '$2y$12$k95IrSK1V6jZponEj7Uq.eyH8BEDTE3l86iVh0Y8uKrjB5b/oP76y', '9mCrP1qad5', '2026-04-13 07:18:58', '2026-04-13 07:18:58'),
(6, 'Customer2', 'customer2@example.com', 3, '+17326917652', '2026-04-13 07:18:58', '$2y$12$f40q11k67aJep6dLcjuA/./xR0QFUAKw4eiVWJyu.U5jpLgV4UFp2', 'SEKGm1Ge7w', '2026-04-13 07:18:58', '2026-04-13 07:18:58'),
(7, 'Endre Jakab', 'adam.racz@example.com', 2, '06-05-428-9346', '2026-04-13 07:18:58', '$2y$12$YEuLuzySyLopfmm.Yr6oruuHUDDWFUVX3fW.DH502C3dinNJIne9S', 'lT5vQTrkdV', '2026-04-13 07:18:58', '2026-04-13 07:18:58'),
(8, 'Imre Fazekas', 'dobos.zsolt@example.org', 2, '06(99)310-396', '2026-04-13 07:18:58', '$2y$12$YEuLuzySyLopfmm.Yr6oruuHUDDWFUVX3fW.DH502C3dinNJIne9S', 'T8y4DYqrQE', '2026-04-13 07:18:58', '2026-04-13 07:18:58'),
(9, 'Géza Fábián', 'zgal@example.org', 2, '06(16)025-039', '2026-04-13 07:18:58', '$2y$12$YEuLuzySyLopfmm.Yr6oruuHUDDWFUVX3fW.DH502C3dinNJIne9S', 'gi5zZMIoQ8', '2026-04-13 07:18:58', '2026-04-13 07:18:58'),
(10, 'István Bakos', 'dorottya.jonas@example.org', 2, '+36(38)142-908', '2026-04-13 07:18:58', '$2y$12$YEuLuzySyLopfmm.Yr6oruuHUDDWFUVX3fW.DH502C3dinNJIne9S', 'sPirr4TzYO', '2026-04-13 07:18:58', '2026-04-13 07:18:58'),
(11, 'Zoltán Somogyi', 'zsolt.szabo@example.com', 2, '06(68)735-175', '2026-04-13 07:18:58', '$2y$12$YEuLuzySyLopfmm.Yr6oruuHUDDWFUVX3fW.DH502C3dinNJIne9S', 'H5hWRtVe43', '2026-04-13 07:18:58', '2026-04-13 07:18:58'),
(12, 'Ottó Balog', 'agaspar@example.net', 3, '06(72)304-554', '2026-04-13 07:18:58', '$2y$12$YEuLuzySyLopfmm.Yr6oruuHUDDWFUVX3fW.DH502C3dinNJIne9S', '20QvTsK9ow', '2026-04-13 07:18:58', '2026-04-13 07:18:58'),
(13, 'Dorián Boros', 'racz.zsombor@example.net', 3, '06-77-236-4041', '2026-04-13 07:18:58', '$2y$12$YEuLuzySyLopfmm.Yr6oruuHUDDWFUVX3fW.DH502C3dinNJIne9S', '8APjGhb306', '2026-04-13 07:18:58', '2026-04-13 07:18:58'),
(14, 'Zsombor Halász', 'papp.flora@example.com', 3, '+36-63-955-1693', '2026-04-13 07:18:58', '$2y$12$YEuLuzySyLopfmm.Yr6oruuHUDDWFUVX3fW.DH502C3dinNJIne9S', 'P5ijK4NMN8', '2026-04-13 07:18:58', '2026-04-13 07:18:58'),
(15, 'Hunor Molnár', 'slaszlo@example.org', 3, '+36(83)570-066', '2026-04-13 07:18:58', '$2y$12$YEuLuzySyLopfmm.Yr6oruuHUDDWFUVX3fW.DH502C3dinNJIne9S', 'dk4J7bbEqc', '2026-04-13 07:18:58', '2026-04-13 07:18:58'),
(16, 'János Magyar', 'dalma.balazs@example.org', 3, '06(53)841-616', '2026-04-13 07:18:58', '$2y$12$YEuLuzySyLopfmm.Yr6oruuHUDDWFUVX3fW.DH502C3dinNJIne9S', 'S18YlCa6tT', '2026-04-13 07:18:58', '2026-04-13 07:18:58');

-- 
-- Dumping data for table barbers
--
INSERT INTO barbers VALUES
(1, 2, 'https://xsgames.co/randomusers/assets/avatars/male/2.jpg', 'Voluptatum molestias cumque perspiciatis quos ullam. Dignissimos quo et rerum consequatur soluta quia commodi.', 1),
(2, 4, 'https://entertainment.time.com/wp-content/uploads/sites/3/2012/04/the-dictator.jpg?w=600', 'أرسلت الطرد.', 1),
(3, 5, 'https://pbs.twimg.com/profile_images/1164039502517506048/Ns7MBZEG_400x400.jpg', 'Impedit nulla hic in veniam nemo sed exercitationem. Natus enim esse et ipsum. Corrupti error voluptas cumque facere quis. Recusandae reiciendis dolor voluptate veniam et.', 1),
(4, 7, 'https://xsgames.co/randomusers/assets/avatars/male/7.jpg', 'Quo consectetur cupiditate laudantium enim sed sunt porro. Temporibus distinctio quam dolores sed. Rerum et et nihil laborum. Repellendus vitae minus et facilis ut quis.', 1),
(5, 8, 'https://xsgames.co/randomusers/assets/avatars/male/8.jpg', 'Temporibus quia consequuntur animi ducimus dolorum dicta. Pariatur eveniet asperiores sint earum officia reprehenderit ullam. Eos illo quasi et vel odit.', 1),
(6, 9, 'https://xsgames.co/randomusers/assets/avatars/male/9.jpg', 'Similique et distinctio reprehenderit rerum. Necessitatibus velit aut aliquam. Illum sequi adipisci inventore.', 1),
(7, 10, 'https://xsgames.co/randomusers/assets/avatars/male/10.jpg', 'Ut corrupti omnis voluptatem ut repellat et. Officiis ut repellat optio. Eum corrupti aperiam distinctio.', 1),
(8, 11, 'https://xsgames.co/randomusers/assets/avatars/male/11.jpg', 'Repellendus corporis aut eveniet officia quaerat illum. Nihil maiores omnis sit alias praesentium deleniti. Aut suscipit optio ut nemo.', 0);

-- 
-- Dumping data for table services
--
INSERT INTO services VALUES
(1, 'Egyhosszú hajvágás', 3000),
(2, 'Átmenetes hajvágás', 4500),
(3, 'Hajvágás és szakálligazítás', 6000),
(4, 'Szakálligazítás', 2000),
(5, 'Kontúrigazítás', 2000),
(6, 'Borotválás', 2000),
(7, 'Hajmosás', 500),
(8, 'Fejmasszázs', 1500),
(9, 'Gyerek hajvágás', 2500),
(10, 'Őszhajfedés', 3000);

-- 
-- Dumping data for table appointments
--
INSERT INTO appointments VALUES
(1, 8, 6, '2026-05-31', '15:30:00', 0, 'cancelled', 'customer'),
(2, 7, 16, '2026-02-20', '11:30:00', 0, 'completed', 'none'),
(3, 6, 16, '2026-05-29', '12:00:00', 0, 'booked', 'none'),
(4, 8, 13, '2026-04-25', '09:30:00', 0, 'booked', 'none'),
(5, 8, 13, '2026-02-13', '14:00:00', 0, 'completed', 'none'),
(6, 1, 12, '2026-02-20', '09:00:00', 0, 'completed', 'none'),
(7, 8, 13, '2026-05-09', '10:00:00', 0, 'booked', 'none'),
(8, 8, 6, '2026-03-10', '13:30:00', 0, 'completed', 'none'),
(9, 2, 12, '2026-05-31', '13:00:00', 0, 'booked', 'none'),
(10, 5, 14, '2026-04-15', '10:00:00', 0, 'booked', 'none'),
(11, 4, 16, '2026-06-06', '17:30:00', 0, 'booked', 'none'),
(12, 2, 12, '2026-03-13', '11:00:00', 0, 'completed', 'none'),
(13, 5, 15, '2026-06-11', '15:30:00', 0, 'booked', 'none'),
(14, 1, 16, '2026-03-18', '11:00:00', 0, 'completed', 'none'),
(15, 4, 14, '2026-05-11', '14:00:00', 0, 'booked', 'none'),
(16, 4, 3, '2026-03-17', '17:00:00', 0, 'completed', 'none'),
(17, 2, 16, '2026-05-30', '12:30:00', 0, 'booked', 'none'),
(18, 5, 14, '2026-05-30', '12:00:00', 0, 'booked', 'none'),
(19, 3, 15, '2026-04-06', '10:00:00', 0, 'completed', 'none'),
(20, 7, 16, '2026-02-14', '17:00:00', 0, 'completed', 'none'),
(21, 1, 13, '2026-06-01', '13:30:00', 0, 'cancelled', 'customer'),
(22, 4, 16, '2026-05-30', '13:30:00', 0, 'booked', 'none'),
(23, 3, 15, '2026-05-27', '13:00:00', 0, 'cancelled', 'customer'),
(24, 6, 6, '2026-05-27', '15:00:00', 0, 'booked', 'none'),
(25, 7, 6, '2026-04-17', '11:30:00', 0, 'booked', 'none'),
(26, 3, 15, '2026-04-09', '17:30:00', 0, 'completed', 'none'),
(27, 5, 14, '2026-04-04', '13:30:00', 0, 'completed', 'none'),
(28, 3, 12, '2026-02-28', '17:30:00', 0, 'completed', 'none'),
(29, 7, 14, '2026-02-21', '17:30:00', 0, 'completed', 'none'),
(30, 3, 16, '2026-04-23', '11:30:00', 0, 'booked', 'none'),
(31, 4, 6, '2026-03-04', '09:00:00', 0, 'completed', 'none'),
(32, 8, 14, '2026-04-04', '10:30:00', 0, 'completed', 'none'),
(33, 4, 13, '2026-03-04', '12:30:00', 0, 'completed', 'none'),
(34, 2, 3, '2026-05-18', '16:00:00', 0, 'booked', 'none'),
(35, 2, 6, '2026-04-15', '11:30:00', 0, 'booked', 'none'),
(36, 5, 3, '2026-02-28', '15:30:00', 0, 'completed', 'none'),
(37, 2, 12, '2026-05-05', '14:00:00', 0, 'booked', 'none'),
(38, 7, 15, '2026-06-03', '12:00:00', 0, 'booked', 'none'),
(39, 4, 16, '2026-04-17', '11:00:00', 0, 'booked', 'none'),
(40, 7, 6, '2026-05-14', '09:30:00', 0, 'booked', 'none'),
(41, 6, 12, '2026-05-28', '17:00:00', 0, 'cancelled', 'customer'),
(42, 1, 12, '2026-02-21', '16:30:00', 0, 'completed', 'none'),
(43, 3, 16, '2026-02-15', '11:30:00', 0, 'completed', 'none'),
(44, 2, 6, '2026-03-01', '17:00:00', 0, 'completed', 'none'),
(45, 5, 12, '2026-02-28', '12:30:00', 0, 'completed', 'none'),
(46, 6, 3, '2026-02-22', '09:30:00', 0, 'completed', 'none'),
(47, 8, 13, '2026-04-04', '13:30:00', 0, 'completed', 'none'),
(48, 6, 14, '2026-04-18', '11:30:00', 0, 'booked', 'none'),
(49, 3, 6, '2026-05-16', '16:00:00', 0, 'booked', 'none'),
(50, 6, 16, '2026-05-25', '12:30:00', 0, 'booked', 'none'),
(51, 4, 6, '2026-02-13', '13:30:00', 0, 'completed', 'none'),
(52, 3, 15, '2026-04-23', '17:00:00', 0, 'booked', 'none'),
(53, 8, 12, '2026-05-03', '09:00:00', 0, 'booked', 'none'),
(54, 7, 3, '2026-06-07', '16:00:00', 0, 'booked', 'none'),
(55, 7, 14, '2026-02-15', '17:00:00', 0, 'completed', 'none'),
(56, 8, 14, '2026-04-18', '17:30:00', 0, 'booked', 'none'),
(57, 8, 15, '2026-03-30', '11:00:00', 0, 'completed', 'none'),
(58, 4, 6, '2026-04-22', '13:30:00', 0, 'booked', 'none'),
(59, 1, 15, '2026-02-24', '14:00:00', 0, 'completed', 'none'),
(60, 4, 3, '2026-05-25', '16:30:00', 0, 'booked', 'none'),
(61, 8, 13, '2026-03-21', '09:30:00', 0, 'completed', 'none'),
(62, 5, 14, '2026-03-21', '15:00:00', 0, 'completed', 'none'),
(63, 7, 16, '2026-03-07', '10:00:00', 0, 'completed', 'none'),
(64, 3, 12, '2026-05-06', '12:00:00', 0, 'booked', 'none'),
(65, 1, 3, '2026-04-13', '16:30:00', 0, 'booked', 'none'),
(66, 7, 14, '2026-03-12', '10:30:00', 0, 'completed', 'none'),
(67, 7, 6, '2026-04-18', '12:30:00', 0, 'booked', 'none'),
(68, 7, 14, '2026-02-27', '16:00:00', 0, 'completed', 'none'),
(69, 3, 14, '2026-03-04', '10:30:00', 0, 'completed', 'none'),
(70, 6, 16, '2026-02-18', '12:00:00', 0, 'completed', 'none'),
(71, 1, 12, '2026-04-13', '12:30:00', 0, 'booked', 'none'),
(72, 3, 13, '2026-03-23', '17:30:00', 0, 'completed', 'none'),
(73, 7, 13, '2026-03-27', '12:30:00', 0, 'completed', 'none'),
(74, 1, 6, '2026-04-01', '13:00:00', 0, 'completed', 'none'),
(75, 2, 16, '2026-06-07', '17:00:00', 0, 'booked', 'none'),
(76, 8, 3, '2026-05-26', '13:00:00', 0, 'booked', 'none'),
(77, 8, 13, '2026-04-22', '12:00:00', 0, 'booked', 'none'),
(78, 5, 14, '2026-04-10', '15:30:00', 0, 'completed', 'none'),
(79, 3, 6, '2026-04-29', '14:30:00', 0, 'booked', 'none'),
(80, 7, 13, '2026-02-26', '17:30:00', 0, 'completed', 'none'),
(81, 8, 15, '2026-05-22', '14:00:00', 0, 'booked', 'none'),
(82, 1, 13, '2026-05-18', '09:00:00', 0, 'booked', 'none'),
(83, 8, 6, '2026-05-06', '16:30:00', 0, 'booked', 'none'),
(84, 6, 16, '2026-04-10', '12:00:00', 0, 'completed', 'none'),
(85, 3, 15, '2026-04-13', '14:30:00', 0, 'booked', 'none'),
(86, 1, 12, '2026-04-24', '12:30:00', 0, 'booked', 'none'),
(87, 3, 6, '2026-03-22', '17:00:00', 0, 'completed', 'none'),
(88, 4, 15, '2026-04-05', '10:00:00', 0, 'completed', 'none'),
(89, 3, 16, '2026-02-25', '11:00:00', 0, 'cancelled', 'customer'),
(90, 3, 16, '2026-06-10', '13:00:00', 0, 'booked', 'none'),
(91, 8, 15, '2026-06-04', '14:00:00', 0, 'booked', 'none'),
(92, 4, 12, '2026-05-22', '09:00:00', 0, 'booked', 'none'),
(93, 3, 12, '2026-06-02', '15:30:00', 0, 'booked', 'none'),
(94, 7, 3, '2026-04-11', '10:30:00', 0, 'completed', 'none'),
(95, 1, 13, '2026-06-02', '13:00:00', 0, 'booked', 'none'),
(96, 4, 15, '2026-03-31', '12:30:00', 0, 'completed', 'none'),
(97, 6, 15, '2026-04-01', '12:00:00', 0, 'completed', 'none'),
(98, 4, 6, '2026-04-03', '10:00:00', 0, 'completed', 'none'),
(99, 5, 12, '2026-03-03', '10:00:00', 0, 'completed', 'none'),
(100, 7, 16, '2026-02-12', '12:30:00', 0, 'completed', 'none'),
(101, 3, 15, '2026-04-12', '17:00:00', 0, 'cancelled', 'customer'),
(102, 3, 6, '2026-03-03', '17:30:00', 0, 'completed', 'none'),
(103, 7, 3, '2026-04-15', '09:30:00', 0, 'booked', 'none'),
(104, 7, 13, '2026-04-01', '12:00:00', 0, 'completed', 'none'),
(105, 6, 12, '2026-03-24', '14:30:00', 0, 'completed', 'none'),
(106, 3, 12, '2026-05-24', '10:30:00', 0, 'booked', 'none'),
(107, 7, 14, '2026-05-14', '15:00:00', 0, 'booked', 'none'),
(108, 8, 3, '2026-03-15', '11:30:00', 0, 'completed', 'none'),
(109, 1, 3, '2026-06-02', '15:00:00', 0, 'booked', 'none'),
(110, 2, 3, '2026-03-04', '17:30:00', 0, 'completed', 'none'),
(111, 3, 15, '2026-05-05', '15:00:00', 0, 'booked', 'none'),
(112, 3, 15, '2026-06-04', '15:00:00', 0, 'booked', 'none'),
(113, 5, 15, '2026-05-19', '10:00:00', 0, 'booked', 'none'),
(114, 2, 15, '2026-03-21', '17:30:00', 0, 'cancelled', 'customer'),
(115, 7, 12, '2026-04-25', '16:00:00', 0, 'booked', 'none'),
(116, 1, 6, '2026-05-27', '12:30:00', 0, 'booked', 'none'),
(117, 5, 6, '2026-04-19', '13:00:00', 0, 'booked', 'none'),
(118, 3, 13, '2026-02-28', '16:00:00', 0, 'completed', 'none'),
(119, 8, 3, '2026-03-17', '16:00:00', 0, 'completed', 'none'),
(120, 1, 16, '2026-03-21', '12:30:00', 0, 'completed', 'none'),
(121, 4, 6, '2026-04-01', '10:30:00', 0, 'completed', 'none'),
(122, 3, 16, '2026-04-20', '16:30:00', 0, 'booked', 'none'),
(123, 8, 12, '2026-03-13', '12:00:00', 0, 'completed', 'none'),
(124, 7, 3, '2026-03-08', '11:00:00', 0, 'completed', 'none'),
(125, 2, 15, '2026-02-24', '11:30:00', 0, 'cancelled', 'customer'),
(126, 1, 14, '2026-04-15', '14:30:00', 0, 'booked', 'none'),
(127, 1, 6, '2026-03-20', '17:00:00', 0, 'completed', 'none'),
(128, 3, 16, '2026-05-28', '09:00:00', 0, 'booked', 'none'),
(129, 4, 13, '2026-04-19', '10:30:00', 0, 'booked', 'none'),
(130, 6, 12, '2026-05-27', '11:00:00', 0, 'booked', 'none'),
(131, 4, 6, '2026-05-17', '10:30:00', 0, 'booked', 'none'),
(132, 4, 16, '2026-04-21', '16:00:00', 0, 'booked', 'none'),
(133, 7, 12, '2026-05-08', '12:30:00', 0, 'booked', 'none'),
(134, 4, 14, '2026-05-26', '15:00:00', 0, 'booked', 'none'),
(135, 6, 14, '2026-02-24', '12:00:00', 0, 'completed', 'none'),
(136, 1, 16, '2026-04-20', '15:30:00', 0, 'booked', 'none'),
(137, 2, 16, '2026-04-13', '12:00:00', 0, 'cancelled', 'customer'),
(138, 1, 15, '2026-02-20', '12:30:00', 0, 'completed', 'none'),
(139, 4, 12, '2026-04-08', '12:00:00', 0, 'completed', 'none'),
(140, 1, 3, '2026-03-08', '09:00:00', 0, 'completed', 'none'),
(141, 8, 3, '2026-05-08', '13:30:00', 0, 'booked', 'none'),
(142, 4, 15, '2026-05-19', '09:00:00', 0, 'cancelled', 'customer'),
(143, 2, 15, '2026-03-12', '11:00:00', 0, 'completed', 'none'),
(144, 1, 15, '2026-04-03', '16:30:00', 0, 'completed', 'none'),
(145, 6, 3, '2026-03-04', '14:00:00', 0, 'completed', 'none'),
(146, 6, 15, '2026-05-30', '12:30:00', 0, 'booked', 'none'),
(147, 3, 16, '2026-04-05', '13:00:00', 0, 'completed', 'none'),
(148, 5, 3, '2026-03-16', '10:00:00', 0, 'completed', 'none'),
(149, 2, 14, '2026-04-14', '09:00:00', 0, 'booked', 'none'),
(150, 3, 15, '2026-03-11', '14:30:00', 0, 'completed', 'none'),
(151, 6, 15, '2026-02-14', '12:30:00', 0, 'cancelled', 'customer'),
(152, 7, 13, '2026-04-04', '11:00:00', 0, 'completed', 'none'),
(153, 1, 3, '2026-04-20', '11:00:00', 0, 'booked', 'none'),
(154, 1, 12, '2026-04-26', '17:30:00', 0, 'booked', 'none'),
(155, 5, 13, '2026-04-18', '15:00:00', 0, 'booked', 'none'),
(156, 2, 14, '2026-05-21', '12:00:00', 0, 'booked', 'none'),
(157, 7, 16, '2026-04-06', '09:30:00', 0, 'completed', 'none'),
(158, 1, 16, '2026-05-29', '13:00:00', 0, 'booked', 'none'),
(159, 2, 6, '2026-04-27', '11:00:00', 0, 'booked', 'none'),
(160, 3, 12, '2026-03-09', '09:00:00', 0, 'completed', 'none'),
(161, 4, 6, '2026-04-09', '17:00:00', 0, 'completed', 'none'),
(162, 5, 3, '2026-06-02', '14:00:00', 0, 'booked', 'none'),
(163, 1, 15, '2026-02-26', '14:00:00', 0, 'completed', 'none'),
(164, 6, 13, '2026-04-09', '10:30:00', 0, 'completed', 'none'),
(165, 4, 14, '2026-02-21', '09:00:00', 0, 'completed', 'none'),
(166, 3, 14, '2026-05-19', '17:00:00', 0, 'booked', 'none'),
(167, 1, 13, '2026-03-11', '10:00:00', 0, 'completed', 'none'),
(168, 7, 6, '2026-06-09', '12:30:00', 0, 'booked', 'none'),
(169, 4, 6, '2026-04-10', '16:30:00', 0, 'completed', 'none'),
(170, 2, 16, '2026-04-15', '12:30:00', 0, 'booked', 'none'),
(171, 7, 6, '2026-04-26', '09:00:00', 0, 'booked', 'none'),
(172, 2, 15, '2026-05-31', '10:00:00', 0, 'booked', 'none'),
(173, 2, 6, '2026-06-03', '09:30:00', 0, 'booked', 'none'),
(174, 3, 12, '2026-03-12', '11:00:00', 0, 'completed', 'none'),
(175, 4, 16, '2026-05-10', '14:30:00', 0, 'booked', 'none'),
(176, 8, 6, '2026-05-23', '11:00:00', 0, 'booked', 'none'),
(177, 2, 12, '2026-03-12', '15:00:00', 0, 'completed', 'none'),
(178, 8, 3, '2026-04-29', '14:00:00', 0, 'booked', 'none'),
(179, 7, 6, '2026-03-02', '16:30:00', 0, 'completed', 'none'),
(180, 1, 13, '2026-02-19', '14:00:00', 0, 'completed', 'none'),
(181, 6, 12, '2026-02-24', '16:00:00', 0, 'completed', 'none'),
(182, 5, 13, '2026-03-04', '11:00:00', 0, 'completed', 'none'),
(183, 1, 13, '2026-03-27', '15:30:00', 0, 'completed', 'none'),
(184, 3, 12, '2026-05-30', '16:30:00', 0, 'booked', 'none'),
(185, 3, 3, '2026-05-13', '11:30:00', 0, 'booked', 'none'),
(186, 2, 6, '2026-03-09', '14:30:00', 0, 'completed', 'none'),
(187, 1, 12, '2026-04-08', '11:30:00', 0, 'completed', 'none'),
(188, 5, 16, '2026-03-16', '17:30:00', 0, 'completed', 'none'),
(189, 2, 16, '2026-03-05', '15:00:00', 0, 'completed', 'none'),
(190, 1, 14, '2026-03-21', '16:00:00', 0, 'completed', 'none'),
(191, 7, 15, '2026-03-29', '15:00:00', 0, 'completed', 'none'),
(192, 8, 16, '2026-05-06', '10:30:00', 0, 'booked', 'none'),
(193, 1, 16, '2026-03-11', '15:00:00', 0, 'completed', 'none'),
(194, 3, 3, '2026-05-03', '10:30:00', 0, 'booked', 'none'),
(195, 3, 16, '2026-04-26', '11:00:00', 0, 'booked', 'none'),
(196, 1, 13, '2026-03-03', '14:30:00', 0, 'completed', 'none'),
(197, 6, 15, '2026-04-27', '11:00:00', 0, 'booked', 'none'),
(198, 2, 15, '2026-05-06', '09:00:00', 0, 'booked', 'none'),
(199, 7, 12, '2026-02-23', '12:00:00', 0, 'completed', 'none'),
(200, 7, 15, '2026-03-10', '11:30:00', 0, 'completed', 'none'),
(201, 3, 16, '2026-04-14', '15:00:00', 0, 'booked', 'none'),
(202, 1, 6, '2026-04-21', '12:30:00', 0, 'booked', 'none'),
(203, 2, 12, '2026-06-12', '16:30:00', 0, 'booked', 'none'),
(204, 1, 6, '2026-05-18', '14:30:00', 0, 'booked', 'none'),
(205, 6, 12, '2026-03-14', '17:00:00', 0, 'completed', 'none'),
(206, 6, 16, '2026-06-09', '17:30:00', 0, 'booked', 'none'),
(207, 3, 13, '2026-02-12', '11:30:00', 0, 'completed', 'none'),
(208, 3, 14, '2026-02-27', '13:00:00', 0, 'completed', 'none'),
(209, 5, 15, '2026-04-02', '16:30:00', 0, 'completed', 'none'),
(210, 7, 3, '2026-06-04', '16:00:00', 0, 'booked', 'none'),
(211, 5, 16, '2026-03-27', '15:00:00', 0, 'completed', 'none'),
(212, 4, 13, '2026-03-15', '14:30:00', 0, 'completed', 'none'),
(213, 3, 3, '2026-03-14', '12:00:00', 0, 'completed', 'none'),
(214, 4, 15, '2026-03-03', '17:30:00', 0, 'completed', 'none'),
(215, 5, 15, '2026-05-20', '12:00:00', 0, 'booked', 'none'),
(216, 3, 16, '2026-04-16', '15:00:00', 0, 'booked', 'none'),
(217, 4, 14, '2026-03-21', '15:30:00', 0, 'completed', 'none'),
(218, 4, 16, '2026-04-07', '11:00:00', 0, 'completed', 'none'),
(219, 7, 13, '2026-02-23', '16:30:00', 0, 'completed', 'none'),
(220, 1, 3, '2026-04-16', '12:00:00', 0, 'booked', 'none'),
(221, 4, 6, '2026-06-05', '10:00:00', 0, 'booked', 'none'),
(222, 2, 3, '2026-05-07', '14:30:00', 0, 'booked', 'none'),
(223, 2, 14, '2026-06-01', '16:30:00', 0, 'booked', 'none'),
(224, 4, 13, '2026-06-02', '14:30:00', 0, 'booked', 'none'),
(225, 8, 16, '2026-06-12', '09:00:00', 0, 'booked', 'none'),
(226, 5, 6, '2026-04-27', '09:30:00', 0, 'booked', 'none'),
(227, 4, 3, '2026-03-30', '16:30:00', 0, 'completed', 'none'),
(228, 6, 15, '2026-02-14', '16:30:00', 0, 'completed', 'none'),
(229, 4, 6, '2026-05-16', '09:00:00', 0, 'booked', 'none'),
(230, 6, 16, '2026-03-25', '11:30:00', 0, 'completed', 'none'),
(231, 3, 16, '2026-05-29', '10:00:00', 0, 'booked', 'none'),
(232, 5, 3, '2026-02-12', '11:00:00', 0, 'completed', 'none'),
(233, 3, 14, '2026-04-19', '14:30:00', 0, 'cancelled', 'customer'),
(234, 1, 15, '2026-03-29', '17:00:00', 0, 'completed', 'none'),
(235, 6, 15, '2026-03-03', '15:00:00', 0, 'completed', 'none'),
(236, 5, 16, '2026-05-07', '14:30:00', 0, 'booked', 'none'),
(237, 1, 3, '2026-02-27', '09:30:00', 0, 'completed', 'none'),
(238, 5, 12, '2026-04-25', '14:00:00', 0, 'booked', 'none'),
(239, 6, 6, '2026-03-16', '16:30:00', 0, 'completed', 'none'),
(240, 8, 6, '2026-05-21', '12:30:00', 0, 'booked', 'none'),
(241, 2, 6, '2026-04-06', '10:30:00', 0, 'completed', 'none'),
(242, 8, 14, '2026-04-07', '13:30:00', 0, 'completed', 'none'),
(243, 5, 14, '2026-03-05', '17:30:00', 0, 'completed', 'none'),
(244, 8, 16, '2026-04-22', '13:00:00', 0, 'booked', 'none'),
(245, 7, 14, '2026-03-23', '14:30:00', 0, 'completed', 'none'),
(246, 2, 14, '2026-06-11', '13:30:00', 0, 'booked', 'none'),
(247, 5, 6, '2026-04-07', '16:00:00', 0, 'completed', 'none'),
(248, 3, 3, '2026-03-09', '17:30:00', 0, 'completed', 'none'),
(249, 1, 14, '2026-04-23', '16:30:00', 0, 'booked', 'none'),
(250, 2, 12, '2026-04-12', '10:30:00', 0, 'completed', 'none'),
(251, 5, 16, '2026-02-17', '09:30:00', 0, 'completed', 'none'),
(252, 6, 15, '2026-05-12', '15:00:00', 0, 'booked', 'none'),
(253, 4, 16, '2026-03-03', '14:00:00', 0, 'completed', 'none'),
(254, 2, 3, '2026-02-19', '13:00:00', 0, 'completed', 'none'),
(255, 1, 16, '2026-05-02', '09:30:00', 0, 'booked', 'none'),
(256, 3, 16, '2026-02-20', '10:00:00', 0, 'completed', 'none'),
(257, 1, 13, '2026-05-12', '09:30:00', 0, 'booked', 'none'),
(258, 4, 3, '2026-03-12', '16:30:00', 0, 'completed', 'none'),
(259, 5, 13, '2026-05-09', '16:00:00', 0, 'booked', 'none'),
(260, 4, 12, '2026-03-29', '14:30:00', 0, 'completed', 'none'),
(261, 4, 15, '2026-04-05', '09:00:00', 0, 'completed', 'none'),
(262, 1, 12, '2026-06-06', '10:00:00', 0, 'cancelled', 'barber'),
(263, 4, 12, '2026-03-19', '10:00:00', 0, 'completed', 'none'),
(264, 8, 6, '2026-04-08', '12:30:00', 0, 'completed', 'none'),
(265, 8, 13, '2026-04-23', '10:30:00', 0, 'booked', 'none'),
(266, 5, 14, '2026-06-03', '09:30:00', 0, 'booked', 'none'),
(267, 2, 3, '2026-04-23', '15:30:00', 0, 'booked', 'none'),
(268, 3, 15, '2026-06-11', '09:30:00', 0, 'booked', 'none'),
(269, 6, 3, '2026-03-29', '11:30:00', 0, 'completed', 'none'),
(270, 7, 13, '2026-04-06', '09:00:00', 0, 'completed', 'none'),
(271, 1, 6, '2026-04-05', '13:00:00', 0, 'completed', 'none'),
(272, 7, 6, '2026-03-11', '10:30:00', 0, 'completed', 'none'),
(273, 6, 6, '2026-04-21', '14:00:00', 0, 'cancelled', 'customer'),
(274, 2, 15, '2026-06-04', '09:30:00', 0, 'booked', 'none'),
(275, 3, 13, '2026-03-20', '16:30:00', 0, 'completed', 'none'),
(276, 1, 15, '2026-04-03', '10:30:00', 0, 'completed', 'none'),
(277, 6, 12, '2026-05-11', '09:30:00', 0, 'booked', 'none'),
(278, 6, 6, '2026-04-18', '12:00:00', 0, 'booked', 'none'),
(279, 8, 15, '2026-03-04', '14:00:00', 0, 'cancelled', 'customer'),
(280, 5, 16, '2026-06-04', '09:30:00', 0, 'booked', 'none'),
(281, 1, 3, '2026-06-03', '14:30:00', 0, 'booked', 'none'),
(282, 2, 15, '2026-02-24', '11:00:00', 0, 'completed', 'none'),
(283, 7, 15, '2026-05-06', '16:00:00', 0, 'booked', 'none'),
(284, 7, 14, '2026-04-20', '10:30:00', 0, 'booked', 'none'),
(285, 8, 3, '2026-04-18', '09:30:00', 0, 'cancelled', 'customer'),
(286, 7, 16, '2026-03-06', '17:00:00', 0, 'completed', 'none'),
(287, 1, 16, '2026-05-14', '13:30:00', 0, 'booked', 'none'),
(288, 2, 12, '2026-04-04', '14:00:00', 0, 'completed', 'none'),
(289, 5, 16, '2026-06-05', '16:00:00', 0, 'booked', 'none'),
(290, 3, 14, '2026-03-02', '15:30:00', 0, 'completed', 'none'),
(291, 4, 3, '2026-04-16', '17:00:00', 0, 'booked', 'none'),
(292, 5, 6, '2026-03-28', '09:30:00', 0, 'completed', 'none'),
(293, 1, 16, '2026-02-22', '15:00:00', 0, 'completed', 'none'),
(294, 2, 15, '2026-05-25', '16:30:00', 0, 'booked', 'none'),
(295, 8, 14, '2026-03-25', '15:00:00', 0, 'completed', 'none'),
(296, 8, 16, '2026-04-06', '13:00:00', 0, 'completed', 'none'),
(297, 8, 3, '2026-03-01', '11:30:00', 0, 'completed', 'none'),
(298, 8, 6, '2026-02-28', '12:30:00', 0, 'completed', 'none'),
(299, 3, 6, '2026-03-24', '14:00:00', 0, 'completed', 'none'),
(300, 4, 12, '2026-02-14', '11:00:00', 0, 'completed', 'none');

-- 
-- Dumping data for table sessions
--
-- Table barbershop.sessions does not contain any data (it is empty)

-- 
-- Dumping data for table reviews
--
INSERT INTO reviews VALUES
(1, 5, 8, 13, 5, 'Illo occaecati consequatur at autem laudantium et blanditiis aut.'),
(2, 6, 1, 12, 5, 'Laboriosam consequuntur quos ex debitis deleniti ab nesciunt nobis.'),
(3, 8, 8, 6, 2, 'Facere adipisci asperiores ratione minus similique adipisci quis tempora maxime.'),
(4, 14, 1, 16, 5, 'Non velit sint dolorum et molestiae molestias nisi magni mollitia doloremque.'),
(5, 16, 4, 3, 3, 'Sunt eius ut aut molestiae eveniet eos quis assumenda nihil soluta qui occaecati praesentium.'),
(6, 32, 8, 14, 1, 'Ipsam cupiditate illum est at quis consectetur nesciunt dolorum et corporis.'),
(7, 36, 5, 3, 1, 'Qui debitis et earum repudiandae voluptas quas explicabo velit ipsa odit tempore.'),
(8, 42, 1, 12, 5, 'Ipsum nihil eos explicabo velit accusamus dolores ullam dignissimos dolorum deserunt asperiores ratione occaecati qui.'),
(9, 43, 3, 16, 1, 'Ut id asperiores consequuntur minima sed et ea eos consequatur blanditiis vero et nam error.'),
(10, 44, 2, 6, 2, 'Accusamus ex nihil est repellendus quae dolore numquam modi sit itaque quas.'),
(11, 47, 8, 13, 4, 'Ab accusamus et corrupti voluptatem et quia ut est nihil.'),
(12, 57, 8, 15, 4, 'Veritatis maxime dolor assumenda odio velit perferendis in sint inventore dicta ducimus minus sint quas qui.'),
(13, 59, 1, 15, 1, 'Porro labore et excepturi odit fugit placeat minima et voluptatibus eos voluptate.'),
(14, 62, 5, 14, 3, 'Veniam architecto voluptas minima hic eveniet atque est amet eligendi vero necessitatibus.'),
(15, 70, 6, 16, 3, 'Sint ut beatae recusandae quas voluptas eum quasi nam quia odio quidem.'),
(16, 73, 7, 13, 2, 'Iure nulla aut debitis deserunt expedita iure ratione.'),
(17, 80, 7, 13, 3, 'Qui dicta non dignissimos pariatur impedit laboriosam quia aut et ea.'),
(18, 87, 3, 6, 3, 'Impedit ea sit earum magnam voluptatum reiciendis fugiat sequi et dolorum et architecto.'),
(19, 88, 4, 15, 3, 'Tempore reiciendis unde molestiae explicabo adipisci consequatur molestias soluta qui non sequi beatae enim non quasi.'),
(20, 94, 7, 3, 1, 'Error voluptatem occaecati non assumenda at eos velit eum nam alias enim assumenda.'),
(21, 97, 6, 15, 1, 'Sit hic aliquid quia alias cupiditate dolores dicta totam.'),
(22, 98, 4, 6, 3, 'Necessitatibus enim vero excepturi optio vitae tempore et et reiciendis consequuntur.'),
(23, 99, 5, 12, 3, 'Aut delectus rerum molestias assumenda quia reprehenderit quia esse fuga sunt maiores vitae perferendis vero nemo enim.'),
(24, 100, 7, 16, 4, 'Dolorem consequatur nostrum sapiente libero pariatur et praesentium quasi pariatur autem illo ipsam.'),
(25, 120, 1, 16, 3, 'Veritatis totam temporibus impedit sit incidunt ut placeat quia aliquid cum non.'),
(26, 123, 8, 12, 3, 'Ex dolor quae omnis voluptas dolores dolores neque sint et sequi nostrum aut veritatis consequatur voluptatem.'),
(27, 124, 7, 3, 3, 'Facere ut id nostrum qui enim neque quo adipisci.'),
(28, 127, 1, 6, 1, 'At labore eum pariatur voluptas consequatur vero et sequi sint blanditiis sit exercitationem repellat et.'),
(29, 135, 6, 14, 2, 'Et adipisci harum reiciendis laboriosam pariatur omnis rerum sit molestias provident.'),
(30, 138, 1, 15, 4, 'Dolor tempore rerum autem harum non maxime in odit cum blanditiis voluptatem vel sapiente.'),
(31, 140, 1, 3, 3, 'Tenetur nihil dolor consequuntur sit similique et suscipit soluta quia nihil quae veniam eum enim.'),
(32, 145, 6, 3, 3, 'A voluptatem est consequatur illum ipsum aliquam ipsum autem accusantium occaecati rem quo modi.'),
(33, 147, 3, 16, 3, 'In numquam et aut ut quas maxime voluptatem totam dolores et autem.'),
(34, 152, 7, 13, 4, 'Odit sunt sunt vero qui molestiae sint architecto laboriosam et incidunt fugit non reiciendis dolorem.'),
(35, 163, 1, 15, 2, 'Libero praesentium officia sequi nesciunt amet deserunt perspiciatis necessitatibus illo cupiditate est mollitia facilis reprehenderit labore porro.'),
(36, 165, 4, 14, 1, 'Optio ut officia non itaque deleniti voluptatum quod pariatur natus rerum suscipit commodi.'),
(37, 177, 2, 12, 1, 'Dicta harum amet aut qui nostrum quia vel suscipit quos inventore dolorem tenetur labore.'),
(38, 179, 7, 6, 3, 'Ducimus dolorem est est eum est aut et omnis quod in explicabo aliquam voluptate cum ea.'),
(39, 180, 1, 13, 2, 'Sit maxime hic accusantium autem numquam mollitia libero et.'),
(40, 181, 6, 12, 2, 'Atque nostrum reprehenderit nisi qui maxime eligendi ea.'),
(41, 183, 1, 13, 4, 'Non magnam et natus dolorum illum aliquid ducimus magni id.'),
(42, 186, 2, 6, 2, 'Non quibusdam similique fugiat occaecati mollitia praesentium laborum.'),
(43, 190, 1, 14, 2, 'Aut inventore nihil et atque doloremque vel itaque repudiandae aut ipsa quisquam perspiciatis vero earum possimus voluptatem.'),
(44, 191, 7, 15, 4, 'Quas quos nihil nisi hic ex dolor tempora atque et dolore culpa doloremque distinctio dignissimos.'),
(45, 193, 1, 16, 4, 'Facere delectus quia quia sapiente maiores delectus odio alias porro accusamus libero in ratione sit.'),
(46, 196, 1, 13, 1, 'Eos aut ut id aut nihil magnam rerum repellat.'),
(47, 199, 7, 12, 3, 'Vitae distinctio eos id nobis voluptatibus dolor occaecati sapiente perferendis.'),
(48, 207, 3, 13, 1, 'Perspiciatis ratione veritatis ut quibusdam officiis est sed.'),
(49, 209, 5, 15, 5, 'Maxime porro et ut suscipit error eum itaque rerum consequatur.'),
(50, 213, 3, 3, 4, 'Non pariatur rerum sint accusantium vitae quia sit omnis ullam odit illo consequatur quasi.'),
(51, 219, 7, 13, 4, 'Inventore impedit nesciunt aut nihil deserunt voluptatem inventore.'),
(52, 227, 4, 3, 1, 'Et quisquam nam dolores necessitatibus quia est aut accusantium ad qui suscipit.'),
(53, 232, 5, 3, 1, 'Enim culpa aut impedit dolor non vel facere sunt nostrum.'),
(54, 237, 1, 3, 1, 'Aperiam eligendi natus itaque id facere dolor eligendi odit itaque enim assumenda non.'),
(55, 242, 8, 14, 4, 'Ipsum ut aut hic neque molestiae ipsam rem est qui numquam magnam est rerum quaerat possimus.'),
(56, 243, 5, 14, 5, 'Officia asperiores distinctio ut rerum blanditiis explicabo dolor commodi eius aut.'),
(57, 245, 7, 14, 2, 'Illo quia aut voluptas eligendi molestias reprehenderit et molestiae dolorum sint natus nobis quis commodi eligendi iure.'),
(58, 247, 5, 6, 4, 'Nemo aut vero itaque quo laboriosam ut aliquam excepturi aut veritatis et.'),
(59, 248, 3, 3, 3, 'Quia ut neque alias omnis corporis quo autem voluptas id incidunt cumque deleniti.'),
(60, 254, 2, 3, 4, 'Incidunt iusto sunt ipsum nobis ut in et maxime sunt reiciendis.'),
(61, 260, 4, 12, 5, 'Temporibus enim quo recusandae consectetur similique laboriosam rerum sit aut ab rem ex.'),
(62, 264, 8, 6, 5, 'Sit id facilis dolorem voluptatem cum provident labore ut placeat et sed tenetur perferendis possimus mollitia.'),
(63, 270, 7, 13, 3, 'Maxime quibusdam aliquid voluptatem possimus nihil officiis optio exercitationem eveniet animi ipsam iusto mollitia dolor ut.'),
(64, 272, 7, 6, 4, 'Laboriosam illum deleniti veniam eveniet quo non aut.'),
(65, 275, 3, 13, 2, 'Est vero error autem beatae adipisci est dolorum dicta quam voluptas.'),
(66, 282, 2, 15, 2, 'Enim assumenda deserunt assumenda amet dolores vitae et dicta distinctio qui sit tempora.'),
(67, 288, 2, 12, 3, 'Alias qui deleniti est excepturi ea maiores voluptas autem ipsam aut et voluptatum ab reprehenderit reiciendis.'),
(68, 292, 5, 6, 5, 'Et reiciendis asperiores voluptas omnis sint sit architecto aut dolores deserunt harum dolor et rerum voluptatem eius.'),
(69, 293, 1, 16, 5, 'Odio sapiente possimus quo et quo ad itaque consectetur voluptatem fuga nisi quia asperiores autem nisi.'),
(70, 296, 8, 16, 2, 'Dolorum veritatis dignissimos fugit aut atque voluptatem et enim est.'),
(71, 297, 8, 3, 3, 'Voluptatem facilis id dignissimos culpa repudiandae nobis doloremque voluptas mollitia.'),
(72, 298, 8, 6, 5, 'Assumenda eum dolores quo aut consectetur officiis animi dolorem assumenda rerum dolorum necessitatibus.'),
(73, 299, 3, 6, 1, 'Accusamus voluptatem porro dolor harum quia quidem dolores sed voluptatem voluptates possimus id corporis.');

-- 
-- Dumping data for table reference_pictures
--
INSERT INTO reference_pictures VALUES
(1, 'https://loremflickr.com/640/480/barber,fade?lock=1001', 1, '2026-04-13 07:19:01', '2026-04-13 07:19:01'),
(2, 'https://loremflickr.com/640/480/barber,beard?lock=1002', 1, '2026-04-13 07:19:01', '2026-04-13 07:19:01'),
(3, 'https://loremflickr.com/640/480/men,haircut?lock=1003', 1, '2026-04-13 07:19:01', '2026-04-13 07:19:01'),
(4, 'https://loremflickr.com/640/480/barber,haircut?lock=1004', 1, '2026-04-13 07:19:01', '2026-04-13 07:19:01'),
(5, 'https://loremflickr.com/640/480/barbershop,hair?lock=1005', 1, '2026-04-13 07:19:01', '2026-04-13 07:19:01'),
(6, 'https://loremflickr.com/640/480/barber,fade?lock=1006', 1, '2026-04-13 07:19:01', '2026-04-13 07:19:01'),
(7, 'https://loremflickr.com/640/480/barber,beard?lock=1007', 1, '2026-04-13 07:19:01', '2026-04-13 07:19:01'),
(8, 'https://loremflickr.com/640/480/barber,beard?lock=2001', 2, '2026-04-13 07:19:01', '2026-04-13 07:19:01'),
(9, 'https://loremflickr.com/640/480/men,haircut?lock=2002', 2, '2026-04-13 07:19:01', '2026-04-13 07:19:01'),
(10, 'https://loremflickr.com/640/480/barber,haircut?lock=2003', 2, '2026-04-13 07:19:01', '2026-04-13 07:19:01'),
(11, 'https://loremflickr.com/640/480/barbershop,hair?lock=2004', 2, '2026-04-13 07:19:01', '2026-04-13 07:19:01'),
(12, 'https://loremflickr.com/640/480/barber,fade?lock=2005', 2, '2026-04-13 07:19:01', '2026-04-13 07:19:01'),
(13, 'https://loremflickr.com/640/480/barber,beard?lock=2006', 2, '2026-04-13 07:19:01', '2026-04-13 07:19:01'),
(14, 'https://loremflickr.com/640/480/men,haircut?lock=2007', 2, '2026-04-13 07:19:01', '2026-04-13 07:19:01'),
(15, 'https://loremflickr.com/640/480/barber,haircut?lock=2008', 2, '2026-04-13 07:19:01', '2026-04-13 07:19:01'),
(16, 'https://loremflickr.com/640/480/men,haircut?lock=3001', 3, '2026-04-13 07:19:01', '2026-04-13 07:19:01'),
(17, 'https://loremflickr.com/640/480/barber,haircut?lock=3002', 3, '2026-04-13 07:19:01', '2026-04-13 07:19:01'),
(18, 'https://loremflickr.com/640/480/barbershop,hair?lock=3003', 3, '2026-04-13 07:19:01', '2026-04-13 07:19:01'),
(19, 'https://loremflickr.com/640/480/barber,fade?lock=3004', 3, '2026-04-13 07:19:01', '2026-04-13 07:19:01'),
(20, 'https://loremflickr.com/640/480/barber,beard?lock=3005', 3, '2026-04-13 07:19:01', '2026-04-13 07:19:01'),
(21, 'https://loremflickr.com/640/480/men,haircut?lock=3006', 3, '2026-04-13 07:19:01', '2026-04-13 07:19:01'),
(22, 'https://loremflickr.com/640/480/barber,haircut?lock=3007', 3, '2026-04-13 07:19:01', '2026-04-13 07:19:01'),
(23, 'https://loremflickr.com/640/480/barbershop,hair?lock=3008', 3, '2026-04-13 07:19:01', '2026-04-13 07:19:01'),
(24, 'https://loremflickr.com/640/480/barber,fade?lock=3009', 3, '2026-04-13 07:19:01', '2026-04-13 07:19:01'),
(25, 'https://loremflickr.com/640/480/barber,beard?lock=3010', 3, '2026-04-13 07:19:01', '2026-04-13 07:19:01'),
(26, 'https://loremflickr.com/640/480/men,haircut?lock=3011', 3, '2026-04-13 07:19:01', '2026-04-13 07:19:01'),
(27, 'https://loremflickr.com/640/480/barber,haircut?lock=4001', 4, '2026-04-13 07:19:01', '2026-04-13 07:19:01'),
(28, 'https://loremflickr.com/640/480/barbershop,hair?lock=4002', 4, '2026-04-13 07:19:01', '2026-04-13 07:19:01'),
(29, 'https://loremflickr.com/640/480/barber,fade?lock=4003', 4, '2026-04-13 07:19:01', '2026-04-13 07:19:01'),
(30, 'https://loremflickr.com/640/480/barber,beard?lock=4004', 4, '2026-04-13 07:19:01', '2026-04-13 07:19:01'),
(31, 'https://loremflickr.com/640/480/men,haircut?lock=4005', 4, '2026-04-13 07:19:01', '2026-04-13 07:19:01'),
(32, 'https://loremflickr.com/640/480/barber,haircut?lock=4006', 4, '2026-04-13 07:19:01', '2026-04-13 07:19:01'),
(33, 'https://loremflickr.com/640/480/barbershop,hair?lock=5001', 5, '2026-04-13 07:19:01', '2026-04-13 07:19:01'),
(34, 'https://loremflickr.com/640/480/barber,fade?lock=5002', 5, '2026-04-13 07:19:01', '2026-04-13 07:19:01'),
(35, 'https://loremflickr.com/640/480/barber,beard?lock=5003', 5, '2026-04-13 07:19:01', '2026-04-13 07:19:01'),
(36, 'https://loremflickr.com/640/480/men,haircut?lock=5004', 5, '2026-04-13 07:19:01', '2026-04-13 07:19:01'),
(37, 'https://loremflickr.com/640/480/barber,haircut?lock=5005', 5, '2026-04-13 07:19:01', '2026-04-13 07:19:01'),
(38, 'https://loremflickr.com/640/480/barbershop,hair?lock=5006', 5, '2026-04-13 07:19:01', '2026-04-13 07:19:01'),
(39, 'https://loremflickr.com/640/480/barber,fade?lock=5007', 5, '2026-04-13 07:19:01', '2026-04-13 07:19:01'),
(40, 'https://loremflickr.com/640/480/barber,fade?lock=6001', 6, '2026-04-13 07:19:01', '2026-04-13 07:19:01'),
(41, 'https://loremflickr.com/640/480/barber,beard?lock=6002', 6, '2026-04-13 07:19:01', '2026-04-13 07:19:01'),
(42, 'https://loremflickr.com/640/480/men,haircut?lock=6003', 6, '2026-04-13 07:19:01', '2026-04-13 07:19:01'),
(43, 'https://loremflickr.com/640/480/barber,haircut?lock=6004', 6, '2026-04-13 07:19:01', '2026-04-13 07:19:01'),
(44, 'https://loremflickr.com/640/480/barbershop,hair?lock=6005', 6, '2026-04-13 07:19:01', '2026-04-13 07:19:01'),
(45, 'https://loremflickr.com/640/480/barber,fade?lock=6006', 6, '2026-04-13 07:19:01', '2026-04-13 07:19:01'),
(46, 'https://loremflickr.com/640/480/barber,beard?lock=6007', 6, '2026-04-13 07:19:01', '2026-04-13 07:19:01'),
(47, 'https://loremflickr.com/640/480/men,haircut?lock=6008', 6, '2026-04-13 07:19:01', '2026-04-13 07:19:01'),
(48, 'https://loremflickr.com/640/480/barber,haircut?lock=6009', 6, '2026-04-13 07:19:01', '2026-04-13 07:19:01'),
(49, 'https://loremflickr.com/640/480/barbershop,hair?lock=6010', 6, '2026-04-13 07:19:01', '2026-04-13 07:19:01'),
(50, 'https://loremflickr.com/640/480/barber,fade?lock=6011', 6, '2026-04-13 07:19:01', '2026-04-13 07:19:01'),
(51, 'https://loremflickr.com/640/480/barber,beard?lock=7001', 7, '2026-04-13 07:19:01', '2026-04-13 07:19:01'),
(52, 'https://loremflickr.com/640/480/men,haircut?lock=7002', 7, '2026-04-13 07:19:01', '2026-04-13 07:19:01'),
(53, 'https://loremflickr.com/640/480/barber,haircut?lock=7003', 7, '2026-04-13 07:19:01', '2026-04-13 07:19:01'),
(54, 'https://loremflickr.com/640/480/barbershop,hair?lock=7004', 7, '2026-04-13 07:19:01', '2026-04-13 07:19:01'),
(55, 'https://loremflickr.com/640/480/barber,fade?lock=7005', 7, '2026-04-13 07:19:01', '2026-04-13 07:19:01'),
(56, 'https://loremflickr.com/640/480/barber,beard?lock=7006', 7, '2026-04-13 07:19:01', '2026-04-13 07:19:01'),
(57, 'https://loremflickr.com/640/480/men,haircut?lock=7007', 7, '2026-04-13 07:19:01', '2026-04-13 07:19:01'),
(58, 'https://loremflickr.com/640/480/men,haircut?lock=8001', 8, '2026-04-13 07:19:01', '2026-04-13 07:19:01'),
(59, 'https://loremflickr.com/640/480/barber,haircut?lock=8002', 8, '2026-04-13 07:19:01', '2026-04-13 07:19:01'),
(60, 'https://loremflickr.com/640/480/barbershop,hair?lock=8003', 8, '2026-04-13 07:19:01', '2026-04-13 07:19:01'),
(61, 'https://loremflickr.com/640/480/barber,fade?lock=8004', 8, '2026-04-13 07:19:01', '2026-04-13 07:19:01'),
(62, 'https://loremflickr.com/640/480/barber,beard?lock=8005', 8, '2026-04-13 07:19:01', '2026-04-13 07:19:01'),
(63, 'https://loremflickr.com/640/480/men,haircut?lock=8006', 8, '2026-04-13 07:19:01', '2026-04-13 07:19:01'),
(64, 'https://loremflickr.com/640/480/barber,haircut?lock=8007', 8, '2026-04-13 07:19:01', '2026-04-13 07:19:01'),
(65, 'https://loremflickr.com/640/480/barbershop,hair?lock=8008', 8, '2026-04-13 07:19:01', '2026-04-13 07:19:01'),
(66, 'https://loremflickr.com/640/480/barber,fade?lock=8009', 8, '2026-04-13 07:19:01', '2026-04-13 07:19:01'),
(67, 'https://loremflickr.com/640/480/barber,beard?lock=8010', 8, '2026-04-13 07:19:01', '2026-04-13 07:19:01');

-- 
-- Dumping data for table personal_access_tokens
--
-- Table barbershop.personal_access_tokens does not contain any data (it is empty)

-- 
-- Dumping data for table password_reset_tokens
--
-- Table barbershop.password_reset_tokens does not contain any data (it is empty)

-- 
-- Dumping data for table migrations
--
INSERT INTO migrations VALUES
(1, '0001_01_01_000000_create_users_table', 1),
(2, '0001_01_01_000001_create_cache_table', 1),
(3, '0001_01_01_000002_create_jobs_table', 1),
(4, '2025_11_04_102115_create_personal_access_tokens_table', 1),
(5, '2025_11_18_081107_add_role_to_users_table', 1),
(6, '2026_01_16_100000_create_services_table', 1),
(7, '2026_01_16_101000_create_barbers_table', 1),
(8, '2026_01_16_102000_create_appointments_table', 1),
(9, '2026_01_16_103000_create_appointment_services_table', 1),
(10, '2026_01_16_104000_create_barber_off_days_table', 1),
(11, '2026_01_16_105000_create_reference_pictures_table', 1),
(12, '2026_01_16_106000_create_reviews_table', 1);

-- 
-- Dumping data for table job_batches
--
-- Table barbershop.job_batches does not contain any data (it is empty)

-- 
-- Dumping data for table jobs
--
-- Table barbershop.jobs does not contain any data (it is empty)

-- 
-- Dumping data for table failed_jobs
--
-- Table barbershop.failed_jobs does not contain any data (it is empty)

-- 
-- Dumping data for table cache_locks
--
-- Table barbershop.cache_locks does not contain any data (it is empty)

-- 
-- Dumping data for table cache
--
-- Table barbershop.cache does not contain any data (it is empty)

-- 
-- Dumping data for table barber_off_days
--
INSERT INTO barber_off_days VALUES
(6, 1, '2026-04-18'),
(4, 1, '2026-04-19'),
(2, 1, '2026-05-13'),
(3, 1, '2026-05-22'),
(1, 1, '2026-06-06'),
(5, 1, '2026-06-07'),
(9, 2, '2026-04-22'),
(8, 2, '2026-04-25'),
(11, 2, '2026-05-03'),
(12, 2, '2026-05-23'),
(10, 2, '2026-06-02'),
(7, 2, '2026-06-06'),
(13, 3, '2026-04-17'),
(14, 3, '2026-05-14'),
(16, 3, '2026-05-20'),
(17, 3, '2026-05-21'),
(18, 3, '2026-05-22'),
(15, 3, '2026-05-23'),
(21, 4, '2026-04-13'),
(20, 4, '2026-04-24'),
(23, 4, '2026-04-29'),
(22, 4, '2026-05-27'),
(19, 4, '2026-05-29'),
(24, 4, '2026-06-10'),
(29, 5, '2026-04-28'),
(26, 5, '2026-05-11'),
(27, 5, '2026-05-22'),
(30, 5, '2026-05-26'),
(25, 5, '2026-05-27'),
(28, 5, '2026-05-31'),
(36, 6, '2026-04-15'),
(35, 6, '2026-04-23'),
(32, 6, '2026-04-24'),
(33, 6, '2026-05-07'),
(34, 6, '2026-06-04'),
(31, 6, '2026-06-11'),
(42, 7, '2026-04-14'),
(38, 7, '2026-04-24'),
(37, 7, '2026-05-04'),
(41, 7, '2026-05-18'),
(40, 7, '2026-05-23'),
(39, 7, '2026-05-28'),
(48, 8, '2026-04-21'),
(43, 8, '2026-05-28'),
(44, 8, '2026-05-29'),
(45, 8, '2026-05-30'),
(47, 8, '2026-06-03'),
(46, 8, '2026-06-05');

-- 
-- Dumping data for table appointment_services
--
INSERT INTO appointment_services VALUES
(605, 1, 4),
(606, 1, 5),
(604, 1, 8),
(466, 2, 1),
(465, 2, 9),
(454, 3, 3),
(456, 3, 9),
(455, 3, 10),
(586, 4, 2),
(585, 4, 4),
(541, 5, 6),
(4, 6, 9),
(5, 6, 10),
(596, 7, 7),
(551, 8, 9),
(550, 8, 10),
(149, 9, 9),
(370, 10, 6),
(337, 11, 1),
(338, 11, 6),
(336, 11, 7),
(111, 12, 5),
(112, 12, 9),
(400, 13, 1),
(401, 13, 10),
(28, 14, 6),
(27, 14, 8),
(316, 15, 9),
(279, 16, 7),
(278, 16, 8),
(147, 17, 2),
(146, 17, 5),
(148, 17, 7),
(387, 18, 7),
(388, 18, 8),
(204, 19, 1),
(205, 19, 10),
(462, 20, 6),
(461, 20, 10),
(83, 21, 1),
(84, 21, 6),
(332, 22, 4),
(331, 22, 6),
(243, 23, 1),
(244, 23, 4),
(448, 24, 6),
(446, 24, 7),
(447, 24, 9),
(513, 25, 4),
(514, 25, 7),
(515, 25, 10),
(208, 26, 2),
(206, 26, 5),
(207, 26, 6),
(367, 27, 7),
(366, 27, 8),
(174, 28, 5),
(175, 28, 8),
(468, 29, 3),
(469, 29, 6),
(467, 29, 7),
(221, 30, 1),
(219, 30, 3),
(220, 30, 10),
(268, 31, 4),
(269, 31, 9),
(565, 32, 5),
(270, 33, 2),
(272, 33, 3),
(271, 33, 6),
(140, 34, 3),
(125, 35, 8),
(126, 35, 10),
(345, 36, 2),
(346, 36, 4),
(344, 36, 7),
(137, 37, 4),
(136, 37, 10),
(534, 38, 7),
(308, 39, 5),
(309, 39, 7),
(530, 40, 3),
(531, 40, 4),
(451, 41, 2),
(452, 41, 3),
(453, 41, 10),
(7, 42, 10),
(166, 43, 1),
(167, 43, 4),
(165, 43, 8),
(102, 44, 7),
(101, 44, 8),
(100, 44, 9),
(347, 45, 1),
(348, 45, 8),
(410, 46, 2),
(409, 46, 10),
(567, 47, 2),
(566, 47, 6),
(432, 48, 2),
(433, 48, 6),
(235, 49, 2),
(236, 49, 9),
(444, 50, 1),
(443, 50, 7),
(445, 50, 8),
(258, 51, 8),
(259, 51, 9),
(222, 52, 3),
(590, 53, 1),
(591, 53, 6),
(537, 54, 2),
(464, 55, 7),
(463, 55, 10),
(575, 56, 1),
(576, 56, 5),
(574, 56, 10),
(562, 57, 3),
(564, 57, 4),
(563, 57, 9),
(314, 58, 7),
(12, 59, 5),
(11, 59, 9),
(10, 59, 10),
(328, 60, 8),
(558, 61, 2),
(560, 61, 8),
(559, 61, 9),
(358, 62, 7),
(486, 63, 3),
(231, 64, 6),
(230, 64, 10),
(49, 65, 2),
(495, 66, 1),
(494, 66, 2),
(496, 66, 7),
(517, 67, 2),
(516, 67, 6),
(518, 67, 8),
(477, 68, 2),
(479, 68, 4),
(478, 68, 9),
(183, 69, 3),
(408, 70, 3),
(407, 70, 7),
(50, 71, 6),
(51, 71, 8),
(199, 72, 6),
(200, 72, 7),
(500, 73, 2),
(37, 74, 5),
(158, 75, 8),
(159, 75, 9),
(602, 76, 1),
(603, 76, 2),
(578, 77, 9),
(579, 77, 10),
(369, 78, 3),
(225, 79, 3),
(476, 80, 3),
(475, 80, 8),
(600, 81, 9),
(599, 81, 10),
(76, 82, 1),
(74, 82, 3),
(75, 82, 5),
(592, 83, 7),
(431, 84, 2),
(429, 84, 3),
(430, 84, 5),
(212, 85, 9),
(66, 86, 2),
(67, 86, 5),
(198, 87, 1),
(197, 87, 2),
(295, 88, 8),
(171, 89, 6),
(170, 89, 8),
(172, 89, 9),
(255, 90, 6),
(256, 90, 9),
(607, 91, 2),
(608, 91, 5),
(609, 91, 9),
(326, 92, 3),
(325, 92, 5),
(327, 92, 6),
(252, 93, 2),
(250, 93, 5),
(251, 93, 7),
(511, 94, 1),
(85, 95, 3),
(290, 96, 2),
(425, 97, 2),
(423, 97, 5),
(424, 97, 9),
(294, 98, 8),
(293, 98, 9),
(350, 99, 5),
(349, 99, 7),
(460, 100, 1),
(210, 101, 1),
(211, 101, 3),
(209, 101, 7),
(180, 102, 1),
(181, 102, 5),
(182, 102, 7),
(512, 103, 6),
(502, 104, 3),
(503, 104, 5),
(504, 104, 6),
(418, 105, 1),
(241, 106, 3),
(242, 106, 4),
(240, 106, 8),
(533, 107, 1),
(532, 107, 7),
(554, 108, 6),
(87, 109, 2),
(86, 109, 4),
(103, 110, 4),
(104, 110, 8),
(228, 111, 2),
(227, 111, 4),
(229, 111, 10),
(253, 112, 1),
(254, 112, 4),
(384, 113, 2),
(113, 114, 2),
(114, 114, 3),
(115, 114, 7),
(521, 115, 6),
(80, 116, 8),
(79, 116, 10),
(376, 117, 2),
(375, 117, 7),
(374, 117, 8),
(176, 118, 3),
(177, 118, 8),
(556, 119, 4),
(557, 119, 5),
(555, 119, 9),
(30, 120, 10),
(291, 121, 4),
(292, 121, 10),
(217, 122, 4),
(218, 122, 7),
(552, 123, 2),
(553, 123, 8),
(488, 124, 4),
(487, 124, 6),
(96, 125, 3),
(97, 125, 6),
(95, 125, 9),
(53, 126, 4),
(54, 126, 8),
(52, 126, 9),
(29, 127, 10),
(245, 128, 8),
(310, 129, 4),
(449, 130, 1),
(450, 130, 9),
(321, 131, 1),
(320, 131, 9),
(319, 131, 10),
(311, 132, 1),
(313, 132, 2),
(312, 132, 8),
(527, 133, 1),
(529, 133, 6),
(528, 133, 10),
(330, 134, 6),
(329, 134, 9),
(411, 135, 1),
(412, 135, 2),
(58, 136, 3),
(59, 136, 6),
(121, 137, 7),
(122, 137, 9),
(6, 138, 10),
(299, 139, 5),
(298, 139, 6),
(300, 139, 10),
(21, 140, 5),
(19, 140, 7),
(20, 140, 8),
(594, 141, 9),
(595, 141, 10),
(322, 142, 2),
(323, 142, 3),
(324, 142, 8),
(108, 143, 3),
(40, 144, 4),
(38, 144, 7),
(39, 144, 10),
(415, 145, 9),
(457, 146, 6),
(203, 147, 6),
(202, 147, 10),
(355, 148, 3),
(356, 148, 7),
(124, 149, 8),
(123, 149, 10),
(190, 150, 8),
(189, 150, 9),
(188, 150, 10),
(404, 151, 2),
(402, 151, 6),
(403, 151, 9),
(505, 152, 3),
(507, 152, 6),
(506, 152, 7),
(60, 153, 8),
(61, 153, 9),
(68, 154, 9),
(371, 155, 1),
(373, 155, 2),
(372, 155, 3),
(142, 156, 4),
(141, 156, 7),
(508, 157, 1),
(82, 158, 4),
(81, 158, 9),
(134, 159, 6),
(133, 159, 7),
(135, 159, 10),
(184, 160, 6),
(301, 161, 1),
(303, 161, 4),
(302, 161, 9),
(389, 162, 8),
(390, 162, 9),
(14, 163, 3),
(15, 163, 4),
(13, 163, 10),
(427, 164, 4),
(428, 164, 5),
(426, 164, 7),
(263, 165, 8),
(238, 166, 7),
(237, 166, 9),
(239, 166, 10),
(23, 167, 6),
(22, 167, 9),
(540, 168, 1),
(538, 168, 5),
(539, 168, 10),
(304, 169, 6),
(129, 170, 2),
(128, 170, 4),
(127, 170, 5),
(523, 171, 2),
(522, 171, 6),
(524, 171, 9),
(150, 172, 3),
(152, 172, 4),
(151, 172, 6),
(156, 173, 5),
(192, 174, 1),
(191, 174, 3),
(315, 175, 1),
(601, 176, 4),
(110, 177, 1),
(109, 177, 10),
(587, 178, 4),
(588, 178, 5),
(589, 178, 10),
(482, 179, 1),
(480, 179, 7),
(481, 179, 9),
(1, 180, 3),
(2, 180, 6),
(3, 180, 9),
(413, 181, 3),
(351, 182, 1),
(352, 182, 7),
(35, 183, 4),
(34, 183, 5),
(249, 184, 8),
(232, 185, 3),
(233, 185, 6),
(234, 185, 9),
(107, 186, 6),
(47, 187, 5),
(48, 187, 8),
(46, 187, 10),
(357, 188, 10),
(105, 189, 4),
(106, 189, 5),
(31, 190, 4),
(32, 190, 6),
(33, 190, 7),
(501, 191, 10),
(593, 192, 8),
(25, 193, 4),
(26, 193, 7),
(24, 193, 8),
(226, 194, 3),
(223, 195, 5),
(224, 195, 6),
(18, 196, 5),
(440, 197, 1),
(138, 198, 6),
(471, 199, 8),
(470, 199, 10),
(489, 200, 2),
(490, 200, 8),
(213, 201, 4),
(63, 202, 6),
(62, 202, 10),
(163, 203, 6),
(78, 204, 3),
(77, 204, 9),
(416, 205, 5),
(458, 206, 8),
(459, 206, 10),
(164, 207, 1),
(173, 208, 6),
(365, 209, 4),
(363, 209, 6),
(364, 209, 10),
(535, 210, 3),
(536, 210, 4),
(359, 211, 5),
(360, 211, 6),
(276, 212, 5),
(275, 212, 6),
(277, 212, 10),
(194, 213, 1),
(193, 213, 5),
(195, 213, 8),
(265, 214, 5),
(264, 214, 6),
(385, 215, 3),
(386, 215, 7),
(214, 216, 5),
(283, 217, 3),
(284, 217, 6),
(282, 217, 10),
(297, 218, 9),
(474, 219, 3),
(473, 219, 9),
(472, 219, 10),
(57, 220, 1),
(55, 220, 3),
(56, 220, 7),
(334, 221, 2),
(335, 221, 9),
(139, 222, 2),
(154, 223, 1),
(153, 223, 7),
(155, 223, 9),
(333, 224, 9),
(612, 225, 2),
(610, 225, 7),
(611, 225, 8),
(379, 226, 1),
(380, 226, 7),
(288, 227, 1),
(289, 227, 9),
(406, 228, 8),
(405, 228, 9),
(318, 229, 1),
(317, 229, 2),
(419, 230, 6),
(420, 230, 9),
(248, 231, 3),
(246, 231, 4),
(247, 231, 6),
(339, 232, 2),
(340, 232, 4),
(215, 233, 4),
(216, 233, 8),
(36, 234, 10),
(414, 235, 4),
(381, 236, 2),
(16, 237, 4),
(17, 237, 10),
(378, 238, 3),
(377, 238, 8),
(417, 239, 6),
(597, 240, 1),
(598, 240, 6),
(118, 241, 4),
(119, 241, 8),
(117, 241, 9),
(571, 242, 2),
(570, 242, 3),
(353, 243, 5),
(354, 243, 7),
(580, 244, 5),
(581, 244, 8),
(498, 245, 6),
(497, 245, 8),
(499, 245, 9),
(162, 246, 4),
(160, 246, 6),
(161, 246, 8),
(368, 247, 10),
(186, 248, 4),
(185, 248, 6),
(187, 248, 8),
(64, 249, 1),
(65, 249, 7),
(120, 250, 10),
(342, 251, 1),
(343, 251, 2),
(341, 251, 6),
(442, 252, 9),
(267, 253, 1),
(266, 253, 4),
(93, 254, 3),
(94, 254, 7),
(92, 254, 10),
(69, 255, 1),
(70, 255, 4),
(169, 256, 5),
(168, 256, 8),
(71, 257, 2),
(72, 257, 4),
(274, 258, 2),
(273, 258, 6),
(382, 259, 4),
(383, 259, 10),
(285, 260, 2),
(286, 260, 7),
(287, 260, 8),
(296, 261, 8),
(91, 262, 2),
(90, 262, 6),
(281, 263, 2),
(280, 263, 3),
(573, 264, 7),
(572, 264, 9),
(582, 265, 2),
(584, 265, 8),
(583, 265, 10),
(392, 266, 4),
(391, 266, 5),
(393, 266, 6),
(132, 267, 1),
(130, 267, 2),
(131, 267, 10),
(257, 268, 3),
(421, 269, 9),
(422, 269, 10),
(509, 270, 3),
(510, 270, 7),
(45, 271, 1),
(44, 271, 9),
(493, 272, 1),
(491, 272, 4),
(492, 272, 6),
(437, 273, 1),
(439, 273, 3),
(438, 273, 6),
(157, 274, 3),
(196, 275, 7),
(42, 276, 4),
(43, 276, 5),
(41, 276, 9),
(441, 277, 8),
(434, 278, 2),
(436, 278, 7),
(435, 278, 8),
(548, 279, 7),
(549, 279, 8),
(547, 279, 10),
(396, 280, 1),
(395, 280, 7),
(394, 280, 9),
(88, 281, 7),
(89, 281, 9),
(98, 282, 9),
(99, 282, 10),
(526, 283, 5),
(525, 283, 7),
(520, 284, 3),
(519, 284, 4),
(577, 285, 5),
(484, 286, 1),
(485, 286, 7),
(483, 286, 9),
(73, 287, 2),
(116, 288, 5),
(399, 289, 4),
(398, 289, 5),
(397, 289, 7),
(178, 290, 9),
(179, 290, 10),
(305, 291, 7),
(306, 291, 8),
(307, 291, 10),
(362, 292, 6),
(361, 292, 8),
(9, 293, 2),
(8, 293, 9),
(145, 294, 2),
(144, 294, 4),
(143, 294, 7),
(561, 295, 1),
(569, 296, 5),
(568, 296, 7),
(546, 297, 3),
(545, 297, 6),
(544, 297, 10),
(543, 298, 2),
(542, 298, 7),
(201, 299, 7),
(262, 300, 2),
(261, 300, 7),
(260, 300, 10);

-- 
-- Restore previous SQL mode
-- 
/*!40101 SET SQL_MODE=@OLD_SQL_MODE */;

-- 
-- Enable foreign keys
-- 
/*!40014 SET FOREIGN_KEY_CHECKS=@OLD_FOREIGN_KEY_CHECKS */;